{
  "benchmark_config": {
    "iterations": 100,
    "warmup": 10
  },
  "comparisons": [
    {
      "name": "Simple Pipeline (3 nodes, 10 items)",
      "description": "Minimal pipeline to measure overhead",
      "cpython": {
        "runtime": "cpython",
        "mean_ms": 2.7059069999086205,
        "median_ms": 2.237799999420531,
        "stddev_ms": 2.228862610878188,
        "min_ms": 1.971199999388773,
        "max_ms": 17.994000001635868,
        "p95_ms": 5.9486999962246045,
        "p99_ms": 17.994000001635868,
        "throughput_ops_sec": 369.56185117735765,
        "iterations": 100,
        "available": true,
        "error": null
      },
      "rust": {
        "runtime": "rust",
        "mean_ms": 0.1332189996901434,
        "median_ms": 0.13535000107367523,
        "stddev_ms": 0.04443446361188038,
        "min_ms": 0.07819999882485718,
        "max_ms": 0.28000000020256266,
        "p95_ms": 0.21459999697981402,
        "p99_ms": 0.28000000020256266,
        "throughput_ops_sec": 7506.436786989236,
        "iterations": 100,
        "available": true,
        "error": null
      },
      "rustpython": null,
      "speedup_rust": 20.311719846285747,
      "speedup_rustpython": null,
      "winner": "Rust"
    },
    {
      "name": "Simple Pipeline (3 nodes, 100 items)",
      "description": "Standard dataset size",
      "cpython": {
        "runtime": "cpython",
        "mean_ms": 18.242174000042723,
        "median_ms": 17.387700001563644,
        "stddev_ms": 4.170850432434647,
        "min_ms": 13.702399999601766,
        "max_ms": 33.57770000002347,
        "p95_ms": 32.061999998404644,
        "p99_ms": 33.57770000002347,
        "throughput_ops_sec": 54.818027719594056,
        "iterations": 100,
        "available": true,
        "error": null
      },
      "rust": {
        "runtime": "rust",
        "mean_ms": 0.14540700023644604,
        "median_ms": 0.14000000010128133,
        "stddev_ms": 0.05310325634366036,
        "min_ms": 0.09829999908106402,
        "max_ms": 0.5295000009937212,
        "p95_ms": 0.21980000019539148,
        "p99_ms": 0.5295000009937212,
        "throughput_ops_sec": 6877.247989257065,
        "iterations": 100,
        "available": true,
        "error": null
      },
      "rustpython": null,
      "speedup_rust": 125.45595446147132,
      "speedup_rustpython": null,
      "winner": "Rust"
    },
    {
      "name": "Medium Pipeline (5 nodes, 100 items)",
      "description": "Mixed PassThrough and Calculator nodes",
      "cpython": {
        "runtime": "cpython",
        "mean_ms": 26.91196400024637,
        "median_ms": 23.503349999373313,
        "stddev_ms": 8.443548880628143,
        "min_ms": 19.604000000981614,
        "max_ms": 72.16760000301292,
        "p95_ms": 45.081199998094235,
        "p99_ms": 72.16760000301292,
        "throughput_ops_sec": 37.158194771323465,
        "iterations": 100,
        "available": true,
        "error": null
      },
      "rust": {
        "runtime": "rust",
        "mean_ms": 0.17362099912134,
        "median_ms": 0.15949999942677096,
        "stddev_ms": 0.051090247279724915,
        "min_ms": 0.12789999891538173,
        "max_ms": 0.3918999937013723,
        "p95_ms": 0.27720000070985407,
        "p99_ms": 0.3918999937013723,
        "throughput_ops_sec": 5759.671958235429,
        "iterations": 100,
        "available": true,
        "error": null
      },
      "rustpython": null,
      "speedup_rust": 155.00408439326037,
      "speedup_rustpython": null,
      "winner": "Rust"
    },
    {
      "name": "Complex Pipeline (10 nodes, 100 items)",
      "description": "Large pipeline with multiple stages",
      "cpython": {
        "runtime": "cpython",
        "mean_ms": 48.97511099981784,
        "median_ms": 44.71959999864339,
        "stddev_ms": 12.305839077745677,
        "min_ms": 34.87219999806257,
        "max_ms": 88.13219999865396,
        "p95_ms": 74.57430000067689,
        "p99_ms": 88.13219999865396,
        "throughput_ops_sec": 20.41853463086014,
        "iterations": 100,
        "available": true,
        "error": null
      },
      "rust": {
        "runtime": "rust",
        "mean_ms": 0.22163600035128184,
        "median_ms": 0.1949500001501292,
        "stddev_ms": 0.052151334325908315,
        "min_ms": 0.1810000030673109,
        "max_ms": 0.4172999979346059,
        "p95_ms": 0.3370000049471855,
        "p99_ms": 0.4172999979346059,
        "throughput_ops_sec": 4511.9023913761785,
        "iterations": 100,
        "available": true,
        "error": null
      },
      "rustpython": null,
      "speedup_rust": 220.9709204379919,
      "speedup_rustpython": null,
      "winner": "Rust"
    },
    {
      "name": "Calculation-Heavy (7 calc nodes, 100 items)",
      "description": "Pure calculation workload",
      "cpython": {
        "runtime": "cpython",
        "mean_ms": 36.44959400022344,
        "median_ms": 34.61710000192397,
        "stddev_ms": 10.495408937480581,
        "min_ms": 26.385400000435766,
        "max_ms": 109.45180000271648,
        "p95_ms": 57.79610000172397,
        "p99_ms": 109.45180000271648,
        "throughput_ops_sec": 27.435147837143806,
        "iterations": 100,
        "available": true,
        "error": null
      },
      "rust": {
        "runtime": "rust",
        "mean_ms": 0.21611000018310733,
        "median_ms": 0.20444999972824007,
        "stddev_ms": 0.044939334576643536,
        "min_ms": 0.16109999705804512,
        "max_ms": 0.4169000021647662,
        "p95_ms": 0.30390000029001385,
        "p99_ms": 0.4169000021647662,
        "throughput_ops_sec": 4627.273144013291,
        "iterations": 100,
        "available": true,
        "error": null
      },
      "rustpython": null,
      "speedup_rust": 168.66222742742193,
      "speedup_rustpython": null,
      "winner": "Rust"
    },
    {
      "name": "Large Dataset (3 nodes, 1000 items)",
      "description": "Stress test with large input",
      "cpython": {
        "runtime": "cpython",
        "mean_ms": 185.72064899999532,
        "median_ms": 179.72010000084992,
        "stddev_ms": 30.106699447116792,
        "min_ms": 142.01490000414196,
        "max_ms": 300.6775000030757,
        "p95_ms": 249.80969999887748,
        "p99_ms": 300.6775000030757,
        "throughput_ops_sec": 5.384430893303766,
        "iterations": 100,
        "available": true,
        "error": null
      },
      "rust": {
        "runtime": "rust",
        "mean_ms": 0.2807229995232774,
        "median_ms": 0.26775000151246786,
        "stddev_ms": 0.0328226266114176,
        "min_ms": 0.24869999469956383,
        "max_ms": 0.44380000326782465,
        "p95_ms": 0.34729999606497586,
        "p99_ms": 0.44380000326782465,
        "throughput_ops_sec": 3562.230389737199,
        "iterations": 100,
        "available": true,
        "error": null
      },
      "rustpython": null,
      "speedup_rust": 661.5797398694989,
      "speedup_rustpython": null,
      "winner": "Rust"
    }
  ]
}